{
  "blacksheep": {
    "rps": {
      "sync": {
        "plaintext": [
          {
            "name": "plaintext 6kB",
            "bytesRead": 3838737,
            "bytesWritten": 1907297,
            "timeTakenSeconds": 1.002564309,
            "req1xx": 0,
            "req2xx": 0,
            "req3xx": 0,
            "req4xx": 24143,
            "req5xx": 0,
            "others": 0,
            "latency": {
              "mean": 5108.61471233898,
              "stddev": 8623.03502718104,
              "max": 151182,
              "percentiles": {
                "50": 4832,
                "75": 5468,
                "90": 5985,
                "95": 6316,
                "99": 9299
              }
            },
            "rps": {
              "mean": 24826.99112413015,
              "stddev": 8696.44808748021,
              "max": 33565.25423121753,
              "percentiles": {
                "50": 27928.103735,
                "75": 29311.897935,
                "90": 31095.793663,
                "95": 31684.989143,
                "99": 33565.254231
              }
            }
          },
          {
            "name": "plaintext 70kB",
            "bytesRead": 4505106,
            "bytesWritten": 2266720,
            "timeTakenSeconds": 1.002865082,
            "req1xx": 0,
            "req2xx": 0,
            "req3xx": 0,
            "req4xx": 28334,
            "req5xx": 0,
            "others": 0,
            "latency": {
              "mean": 4376.269111315028,
              "stddev": 937.1302093297916,
              "max": 26739,
              "percentiles": {
                "50": 4790,
                "75": 5343,
                "90": 5807,
                "95": 6104,
                "99": 6802
              }
            },
            "rps": {
              "mean": 28610.431857216387,
              "stddev": 2820.614778945102,
              "max": 33033.07458912881,
              "percentiles": {
                "50": 28861.493742,
                "75": 30028.056431,
                "90": 31202.753643,
                "95": 31420.839837,
                "99": 33033.074589
              }
            }
          }
        ],
        "json": [
          {
            "name": "JSON 2kB",
            "bytesRead": 4337043,
            "bytesWritten": 2018498,
            "timeTakenSeconds": 1.002729183,
            "req1xx": 0,
            "req2xx": 0,
            "req3xx": 0,
            "req4xx": 27277,
            "req5xx": 0,
            "others": 0,
            "latency": {
              "mean": 4533.281409245885,
              "stddev": 1532.627554643994,
              "max": 45590,
              "percentiles": {
                "50": 4871,
                "75": 5555,
                "90": 6023,
                "95": 6335,
                "99": 7761
              }
            },
            "rps": {
              "mean": 27793.24990083279,
              "stddev": 4044.1792810554957,
              "max": 31625.50397953444,
              "percentiles": {
                "50": 28358.908133,
                "75": 29192.81113,
                "90": 30443.549562,
                "95": 31189.557816,
                "99": 31625.50398
              }
            }
          }
        ]
      }
    }
  }
}